question_id,rank,outcome,premise_status,n_supporting_papers,first_evidence_year,top1_similarity,question
q_001,1,not_addressed,still_plausible,0,,0.4873,"Is the main result reported in ""Optical Properties of Sulfuric Acid"" robust to independent reanalysis with different modeling assumptions?"
q_002,2,partially_addressed,still_plausible,1,2023,0.5735,"Is the main result reported in ""Mass-loss rate and local thermodynamic state of the KELT-9 b thermosphere from the hydrogen Balmer series"" robust to independent reanalysis with different modeling assumptions?"
q_003,3,not_addressed,still_plausible,0,,0.5837,"Is the main result reported in ""Saturn as a Transiting Exoplanet"" robust to independent reanalysis with different modeling assumptions?"
q_004,4,not_addressed,still_plausible,0,,0.6213,"Is the main result reported in ""Testing the Detectability of Extraterrestrial O<SUB>2</SUB> with the Extremely Large Telescopes Using Real Data with Real Noise"" robust to independent reanalysis with different modeling assumptions?"
q_005,5,partially_addressed,supported,4,2024,0.6576,"Is the main result reported in ""Constraining Stellar Photospheres as an Essential Step for Transmission Spectroscopy of Small Exoplanets"" robust to independent reanalysis with different modeling assumptions?"
q_006,6,partially_addressed,still_plausible,2,2023,0.6248,"Is the main result reported in ""On the Temperature Profiles and Emission Spectra of Mini-Neptune Atmospheres"" robust to independent reanalysis with different modeling assumptions?"
q_007,7,partially_addressed,still_plausible,3,2022,0.6594,"Is the main result reported in ""Atmospheric escape from rocky M-dwarf planets orbiting within the habitable zone"" robust to independent reanalysis with different modeling assumptions?"
q_008,8,partially_addressed,still_plausible,3,2021,0.6267,"Is the main result reported in ""Planets are Shaped by their Past: Reconstructing the Early XUV Emission of Exoplanet Host Stars"" robust to independent reanalysis with different modeling assumptions?"
q_009,9,partially_addressed,supported,2,2022,0.6604,"Is the main result reported in ""Atmosphere Models of Brown Dwarfs Irradiated by White Dwarfs: Analogs for Hot and Ultrahot Jupiters"" robust to independent reanalysis with different modeling assumptions?"
q_010,10,partially_addressed,supported,3,2021,0.6102,"Is the main result reported in ""Information in the Reflected-light Spectra of Widely Separated Giant Exoplanets"" robust to independent reanalysis with different modeling assumptions?"
